id,title statement,call number,url
u2679724," Correspondence of John Neal [manuscript], 1846-1876.",MSS 38-311,
u3930163," Photograph of Main Street, Charlottesville, Va., 1870's or 1880's [picture] ca 1880.",MSS 741,
u2637011," Papers of Henry Heth [manuscript], 1763-1841.",MSS 38-114,http://ead.lib.virginia.edu/vivaead/published/uva-sc/vivadoc.pl?file=viu03775.xml
u3902991, Papers of the Minor & Pierrepont families [manuscript] 1812-1940.,MSS 7286-c,
u2095040," Papers of the Peyton family [manuscript], 1746-1960.","MSS 5843, 5843-b",http://ead.lib.virginia.edu/vivaead/published/uva-sc/vivadoc.pl?file=viu03387.xml
