<record xmlns='http://www.loc.gov/MARC21/slim'><leader>10286npcpa2201477ua 4500</leader><controlfield tag='001'>u2095040</controlfield><controlfield tag='003'>SIRSI</controlfield><controlfield tag='008'>930222i17461960vau??          ? ???eng d</controlfield><datafield ind1=' ' ind2=' ' tag='035'><subfield code='a'>(Sirsi) AKD3212</subfield></datafield><datafield ind1=' ' ind2=' ' tag='035'><subfield code='a'>(OCoLC)29734098</subfield></datafield><datafield ind1=' ' ind2=' ' tag='040'><subfield code='a'>VA@</subfield><subfield code='c'>VA@</subfield><subfield code='e'>appm</subfield></datafield><datafield ind1=' ' ind2=' ' tag='049'><subfield code='a'>VA@@</subfield></datafield><datafield ind1='3' ind2=' ' tag='100'><subfield code='a'>Peyton family.</subfield></datafield><datafield ind1='1' ind2='0' tag='245'><subfield code='a'>Papers of the Peyton family</subfield><subfield code='h'>[manuscript],</subfield><subfield code='f'>1746-1960.</subfield></datafield><datafield ind1='3' ind2=' ' tag='246'><subfield code='a'>Peyton family papers</subfield></datafield><datafield ind1=' ' ind2=' ' tag='300'><subfield code='a'>50000</subfield><subfield code='f'>items.</subfield></datafield><datafield ind1=' ' ind2=' ' tag='520'><subfield code='a'>The Peyton family collection consists of mainly correspondence, financial and legal papers, genealogical material, diaries, photographs, bound volumes, newspaper clippings, memorabilia, and other related miscellaneous material of the Peyton family of Staunton, Virginia.  Other families represented in the collection include:  Steele, Baldwin, Catlett, and Erskine.</subfield></datafield><datafield ind1='8' ind2=' ' tag='520'><subfield code='a'>The papers pertain chiefly to social, business, and personal matters of various family members such as:  Colonel John Lewis Peyton, L.W.H. Peyton, Margaret Erskine Catlett Peyton, Lawrence Washington Howe Peyton, and others.</subfield></datafield><datafield ind1=' ' ind2=' ' tag='524'><subfield code='a'>Peyton Family Papers, 1746-1960, Accession #5843, University of Virginia Library, Charlottesville, Va.</subfield></datafield><datafield ind1='0' ind2=' ' tag='555'><subfield code='a'>Annotated list available.</subfield></datafield><datafield ind1=' ' ind2=' ' tag='596'><subfield code='a'>10</subfield></datafield><datafield ind1='1' ind2='0' tag='600'><subfield code='a'>Peyton, J. Lewis</subfield><subfield code='q'>(John Lewis),</subfield><subfield code='d'>1824-1896.</subfield></datafield><datafield ind1='1' ind2='0' tag='600'><subfield code='a'>Peyton, Lawrence Washington Howe.</subfield></datafield><datafield ind1='1' ind2='0' tag='600'><subfield code='a'>Peyton, Margaret Erskine Catlett.</subfield></datafield><datafield ind1='3' ind2='0' tag='600'><subfield code='a'>Baldwin family.</subfield></datafield><datafield ind1='3' ind2='0' tag='600'><subfield code='a'>Catlett family.</subfield></datafield><datafield ind1='3' ind2='0' tag='600'><subfield code='a'>Erskine family.</subfield></datafield><datafield ind1='3' ind2='0' tag='600'><subfield code='a'>Peyton family.</subfield></datafield><datafield ind1='3' ind2='0' tag='600'><subfield code='a'>Steele family.</subfield></datafield><datafield ind1=' ' ind2='7' tag='655'><subfield code='a'>Business records.</subfield><subfield code='2'>aat</subfield></datafield><datafield ind1=' ' ind2='7' tag='655'><subfield code='a'>Correspondence.</subfield><subfield code='2'>aat</subfield></datafield><datafield ind1=' ' ind2='7' tag='655'><subfield code='a'>Clippings.</subfield><subfield code='2'>aat</subfield></datafield><datafield ind1=' ' ind2='7' tag='655'><subfield code='a'>Diaries.</subfield><subfield code='2'>aat</subfield></datafield><datafield ind1=' ' ind2='7' tag='655'><subfield code='a'>Legal records.</subfield><subfield code='2'>aat</subfield></datafield><datafield ind1=' ' ind2='7' tag='655'><subfield code='a'>Photographs.</subfield><subfield code='2'>aat</subfield></datafield><datafield ind1='4' ind2='2' tag='856'><subfield code='z'>GUIDE TO THE COLLECTION AVAILABLE ONLINE:</subfield><subfield code='u'>http://ead.lib.virginia.edu/vivaead/published/uva-sc/vivadoc.pl?file=viu03387.xml</subfield><subfield code='2'>http</subfield></datafield><datafield ind1=' ' ind2=' ' tag='946'><subfield code='a'>SPECIAL COLLECTIONS: 77 boxes and 3 cubics, stacks; certificates, darwings, and maps in Oversized Box M-32; guide is incorrect</subfield></datafield><datafield ind1=' ' ind2=' ' tag='946'><subfield code='a'>SPECIAL COLLECTIONS: includes MSS from 5843-b (-b = the 3 cubics, certificate and maps)</subfield></datafield><datafield ind1=' ' ind2=' ' tag='946'><subfield code='a'>SPECIAL COLLECTIONS: 5843-b: Oversized folders: (3) in OS Tray 267</subfield></datafield><datafield ind1=' ' ind2=' ' tag='946'><subfield code='a'>SPECIAL COLLECTIONS: watercolor of a [pilgrim?] reading and diploma from Staunton Male Academy for Lawrence Peyton are in OS Box P-37; (MSS 5843) Dressmaking patterns in Oversized Tray 117; (MSS 5843-b) Colonial Dames enrolments, April 1862 deed, 1877 map of New River Coal Field in OS Box S-95</subfield></datafield><datafield ind1=' ' ind2=' ' tag='999'><subfield code='a'>MSS 5843, 5843-b</subfield><subfield code='w'>ALPHANUM</subfield><subfield code='i'>X004984669</subfield><subfield code='l'>STACKS</subfield><subfield code='m'>SPEC-COLL</subfield><subfield code='t'>MANUSCRIPT</subfield></datafield><datafield ind1=' ' ind2=' ' tag='999'><subfield code='a'>MSS 5843, 5843-b</subfield><subfield code='w'>ALPHANUM</subfield><subfield code='i'>X004984670</subfield><subfield code='l'>STACKS</subfield><subfield code='m'>SPEC-COLL</subfield><subfield code='t'>MANUSCRIPT</subfield></datafield><datafield ind1=' ' ind2=' ' tag='999'><subfield code='a'>MSS 5843, 5843-b Box 2</subfield><subfield code='w'>ALPHANUM</subfield><subfield code='i'>X004984671</subfield><subfield code='l'>STACKS</subfield><subfield code='m'>SPEC-COLL</subfield><subfield code='t'>MANUSCRIPT</subfield></datafield><datafield ind1=' ' ind2=' ' tag='999'><subfield code='a'>MSS 5843, 5843-b Box 3</subfield><subfield code='w'>ALPHANUM</subfield><subfield code='i'>X004984672</subfield><subfield code='l'>STACKS</subfield><subfield code='m'>SPEC-COLL</subfield><subfield code='t'>MANUSCRIPT</subfield></datafield><datafield ind1=' ' ind2=' ' tag='999'><subfield code='a'>MSS 5843, 5843-b Box 4</subfield><subfield code='w'>ALPHANUM</subfield><subfield code='i'>X004984673</subfield><subfield code='l'>STACKS</subfield><subfield code='m'>SPEC-COLL</subfield><subfield code='t'>MANUSCRIPT</subfield></datafield><datafield ind1=' ' ind2=' ' tag='999'><subfield code='a'>MSS 5843, 5843-b Box 5</subfield><subfield code='w'>ALPHANUM</subfield><subfield code='i'>X004984674</subfield><subfield code='l'>STACKS</subfield><subfield code='m'>SPEC-COLL</subfield><subfield code='t'>MANUSCRIPT</subfield></datafield><datafield ind1=' ' ind2=' ' tag='999'><subfield code='a'>MSS 5843, 5843-b Box 6</subfield><subfield code='w'>ALPHANUM</subfield><subfield code='i'>X004984675</subfield><subfield code='l'>STACKS</subfield><subfield code='m'>SPEC-COLL</subfield><subfield code='t'>MANUSCRIPT</subfield></datafield><datafield ind1=' ' ind2=' ' tag='999'><subfield code='a'>MSS 5843, 5843-b Box 7</subfield><subfield code='w'>ALPHANUM</subfield><subfield code='i'>X004984676</subfield><subfield code='l'>STACKS</subfield><subfield code='m'>SPEC-COLL</subfield><subfield code='t'>MANUSCRIPT</subfield></datafield><datafield ind1=' ' ind2=' ' tag='999'><subfield code='a'>MSS 5843, 5843-b Box 8</subfield><subfield code='w'>ALPHANUM</subfield><subfield code='i'>X004984677</subfield><subfield code='l'>STACKS</subfield><subfield code='m'>SPEC-COLL</subfield><subfield code='t'>MANUSCRIPT</subfield></datafield><datafield ind1=' ' ind2=' ' tag='999'><subfield code='a'>MSS 5843, 5843-b Box 9</subfield><subfield code='w'>ALPHANUM</subfield><subfield code='i'>X004984678</subfield><subfield code='l'>STACKS</subfield><subfield code='m'>SPEC-COLL</subfield><subfield code='t'>MANUSCRIPT</subfield></datafield><datafield ind1=' ' ind2=' ' tag='999'><subfield code='a'>MSS 5843, 5843-b Box 10</subfield><subfield code='w'>ALPHANUM</subfield><subfield code='i'>X004984679</subfield><subfield code='l'>STACKS</subfield><subfield code='m'>SPEC-COLL</subfield><subfield code='t'>MANUSCRIPT</subfield></datafield><datafield ind1=' ' ind2=' ' tag='999'><subfield code='a'>MSS 5843, 5843-b Box 11</subfield><subfield code='w'>ALPHANUM</subfield><subfield code='i'>X004984680</subfield><subfield code='l'>STACKS</subfield><subfield code='m'>SPEC-COLL</subfield><subfield code='t'>MANUSCRIPT</subfield></datafield><datafield ind1=' ' ind2=' ' tag='999'><subfield code='a'>MSS 5843, 5843-b Box 12</subfield><subfield code='w'>ALPHANUM</subfield><subfield code='i'>X004984681</subfield><subfield code='l'>STACKS</subfield><subfield code='m'>SPEC-COLL</subfield><subfield code='t'>MANUSCRIPT</subfield></datafield><datafield ind1=' ' ind2=' ' tag='999'><subfield code='a'>MSS 5843, 5843-b Box 13</subfield><subfield code='w'>ALPHANUM</subfield><subfield code='i'>X004984682</subfield><subfield code='l'>STACKS</subfield><subfield code='m'>SPEC-COLL</subfield><subfield code='t'>MANUSCRIPT</subfield></datafield><datafield ind1=' ' ind2=' ' tag='999'><subfield code='a'>MSS 5843, 5843-b Box 14</subfield><subfield code='w'>ALPHANUM</subfield><subfield code='i'>X004984683</subfield><subfield code='l'>STACKS</subfield><subfield code='m'>SPEC-COLL</subfield><subfield code='t'>MANUSCRIPT</subfield></datafield><datafield ind1=' ' ind2=' ' tag='999'><subfield code='a'>MSS 5843, 5843-b Box 15</subfield><subfield code='w'>ALPHANUM</subfield><subfield code='i'>X004984684</subfield><subfield code='l'>STACKS</subfield><subfield code='m'>SPEC-COLL</subfield><subfield code='t'>MANUSCRIPT</subfield></datafield><datafield ind1=' ' ind2=' ' tag='999'><subfield code='a'>MSS 5843, 5843-b Box 16</subfield><subfield code='w'>ALPHANUM</subfield><subfield code='i'>X004984685</subfield><subfield code='l'>STACKS</subfield><subfield code='m'>SPEC-COLL</subfield><subfield code='t'>MANUSCRIPT</subfield></datafield><datafield ind1=' ' ind2=' ' tag='999'><subfield code='a'>MSS 5843, 5843-b Box 17</subfield><subfield code='w'>ALPHANUM</subfield><subfield code='i'>X004984686</subfield><subfield code='l'>STACKS</subfield><subfield code='m'>SPEC-COLL</subfield><subfield code='t'>MANUSCRIPT</subfield></datafield><datafield ind1=' ' ind2=' ' tag='999'><subfield code='a'>MSS 5843, 5843-b Box 18</subfield><subfield code='w'>ALPHANUM</subfield><subfield code='i'>X004984687</subfield><subfield code='l'>STACKS</subfield><subfield code='m'>SPEC-COLL</subfield><subfield code='t'>MANUSCRIPT</subfield></datafield><datafield ind1=' ' ind2=' ' tag='999'><subfield code='a'>MSS 5843, 5843-b Box 19</subfield><subfield code='w'>ALPHANUM</subfield><subfield code='i'>X004984688</subfield><subfield code='l'>STACKS</subfield><subfield code='m'>SPEC-COLL</subfield><subfield code='t'>MANUSCRIPT</subfield></datafield><datafield ind1=' ' ind2=' ' tag='999'><subfield code='a'>MSS 5843, 5843-b Box 20</subfield><subfield code='w'>ALPHANUM</subfield><subfield code='i'>X004984689</subfield><subfield code='l'>STACKS</subfield><subfield code='m'>SPEC-COLL</subfield><subfield code='t'>MANUSCRIPT</subfield></datafield><datafield ind1=' ' ind2=' ' tag='999'><subfield code='a'>MSS 5843, 5843-b Box 21</subfield><subfield code='w'>ALPHANUM</subfield><subfield code='i'>X004984690</subfield><subfield code='l'>STACKS</subfield><subfield code='m'>SPEC-COLL</subfield><subfield code='t'>MANUSCRIPT</subfield></datafield><datafield ind1=' ' ind2=' ' tag='999'><subfield code='a'>MSS 5843, 5843-b Box 22</subfield><subfield code='w'>ALPHANUM</subfield><subfield code='i'>X004984691</subfield><subfield code='l'>STACKS</subfield><subfield code='m'>SPEC-COLL</subfield><subfield code='t'>MANUSCRIPT</subfield></datafield><datafield ind1=' ' ind2=' ' tag='999'><subfield code='a'>MSS 5843, 5843-b Box 23</subfield><subfield code='w'>ALPHANUM</subfield><subfield code='i'>X004984692</subfield><subfield code='l'>STACKS</subfield><subfield code='m'>SPEC-COLL</subfield><subfield code='t'>MANUSCRIPT</subfield></datafield><datafield ind1=' ' ind2=' ' tag='999'><subfield code='a'>MSS 5843, 5843-b Box 24</subfield><subfield code='w'>ALPHANUM</subfield><subfield code='i'>X004984693</subfield><subfield code='l'>STACKS</subfield><subfield code='m'>SPEC-COLL</subfield><subfield code='t'>MANUSCRIPT</subfield></datafield><datafield ind1=' ' ind2=' ' tag='999'><subfield code='a'>MSS 5843, 5843-b Box 25</subfield><subfield code='w'>ALPHANUM</subfield><subfield code='i'>X004984694</subfield><subfield code='l'>STACKS</subfield><subfield code='m'>SPEC-COLL</subfield><subfield code='t'>MANUSCRIPT</subfield></datafield><datafield ind1=' ' ind2=' ' tag='999'><subfield code='a'>MSS 5843, 5843-b Box 26</subfield><subfield code='w'>ALPHANUM</subfield><subfield code='i'>X004984695</subfield><subfield code='l'>STACKS</subfield><subfield code='m'>SPEC-COLL</subfield><subfield code='t'>MANUSCRIPT</subfield></datafield><datafield ind1=' ' ind2=' ' tag='999'><subfield code='a'>MSS 5843, 5843-b Box 27</subfield><subfield code='w'>ALPHANUM</subfield><subfield code='i'>X004984696</subfield><subfield code='l'>STACKS</subfield><subfield code='m'>SPEC-COLL</subfield><subfield code='t'>MANUSCRIPT</subfield></datafield><datafield ind1=' ' ind2=' ' tag='999'><subfield code='a'>MSS 5843, 5843-b Box 28</subfield><subfield code='w'>ALPHANUM</subfield><subfield code='i'>X004984697</subfield><subfield code='l'>STACKS</subfield><subfield code='m'>SPEC-COLL</subfield><subfield code='t'>MANUSCRIPT</subfield></datafield><datafield ind1=' ' ind2=' ' tag='999'><subfield code='a'>MSS 5843, 5843-b Box 29</subfield><subfield code='w'>ALPHANUM</subfield><subfield code='i'>X004984698</subfield><subfield code='l'>STACKS</subfield><subfield code='m'>SPEC-COLL</subfield><subfield code='t'>MANUSCRIPT</subfield></datafield><datafield ind1=' ' ind2=' ' tag='999'><subfield code='a'>MSS 5843, 5843-b Box 30</subfield><subfield code='w'>ALPHANUM</subfield><subfield code='i'>X004984699</subfield><subfield code='l'>STACKS</subfield><subfield code='m'>SPEC-COLL</subfield><subfield code='t'>MANUSCRIPT</subfield></datafield><datafield ind1=' ' ind2=' ' tag='999'><subfield code='a'>MSS 5843, 5843-b Box 31</subfield><subfield code='w'>ALPHANUM</subfield><subfield code='i'>X004984700</subfield><subfield code='l'>STACKS</subfield><subfield code='m'>SPEC-COLL</subfield><subfield code='t'>MANUSCRIPT</subfield></datafield><datafield ind1=' ' ind2=' ' tag='999'><subfield code='a'>MSS 5843, 5843-b Box 32</subfield><subfield code='w'>ALPHANUM</subfield><subfield code='i'>X004984701</subfield><subfield code='l'>STACKS</subfield><subfield code='m'>SPEC-COLL</subfield><subfield code='t'>MANUSCRIPT</subfield></datafield><datafield ind1=' ' ind2=' ' tag='999'><subfield code='a'>MSS 5843, 5843-b Box 33</subfield><subfield code='w'>ALPHANUM</subfield><subfield code='i'>X004984702</subfield><subfield code='l'>STACKS</subfield><subfield code='m'>SPEC-COLL</subfield><subfield code='t'>MANUSCRIPT</subfield></datafield><datafield ind1=' ' ind2=' ' tag='999'><subfield code='a'>MSS 5843, 5843-b Box 34</subfield><subfield code='w'>ALPHANUM</subfield><subfield code='i'>X004984703</subfield><subfield code='l'>STACKS</subfield><subfield code='m'>SPEC-COLL</subfield><subfield code='t'>MANUSCRIPT</subfield></datafield><datafield ind1=' ' ind2=' ' tag='999'><subfield code='a'>MSS 5843, 5843-b Box 35</subfield><subfield code='w'>ALPHANUM</subfield><subfield code='i'>X004984704</subfield><subfield code='l'>STACKS</subfield><subfield code='m'>SPEC-COLL</subfield><subfield code='t'>MANUSCRIPT</subfield></datafield><datafield ind1=' ' ind2=' ' tag='999'><subfield code='a'>MSS 5843, 5843-b Box 36</subfield><subfield code='w'>ALPHANUM</subfield><subfield code='i'>X004984705</subfield><subfield code='l'>STACKS</subfield><subfield code='m'>SPEC-COLL</subfield><subfield code='t'>MANUSCRIPT</subfield></datafield><datafield ind1=' ' ind2=' ' tag='999'><subfield code='a'>MSS 5843, 5843-b Box 37</subfield><subfield code='w'>ALPHANUM</subfield><subfield code='i'>X004984706</subfield><subfield code='l'>STACKS</subfield><subfield code='m'>SPEC-COLL</subfield><subfield code='t'>MANUSCRIPT</subfield></datafield><datafield ind1=' ' ind2=' ' tag='999'><subfield code='a'>MSS 5843, 5843-b Box 38</subfield><subfield code='w'>ALPHANUM</subfield><subfield code='i'>X004984707</subfield><subfield code='l'>STACKS</subfield><subfield code='m'>SPEC-COLL</subfield><subfield code='t'>MANUSCRIPT</subfield></datafield><datafield ind1=' ' ind2=' ' tag='999'><subfield code='a'>MSS 5843, 5843-b Box 39</subfield><subfield code='w'>ALPHANUM</subfield><subfield code='i'>X004984708</subfield><subfield code='l'>STACKS</subfield><subfield code='m'>SPEC-COLL</subfield><subfield code='t'>MANUSCRIPT</subfield></datafield><datafield ind1=' ' ind2=' ' tag='999'><subfield code='a'>MSS 5843, 5843-b Box 40</subfield><subfield code='w'>ALPHANUM</subfield><subfield code='i'>X004984709</subfield><subfield code='l'>STACKS</subfield><subfield code='m'>SPEC-COLL</subfield><subfield code='t'>MANUSCRIPT</subfield></datafield><datafield ind1=' ' ind2=' ' tag='999'><subfield code='a'>MSS 5843, 5843-b Box 41</subfield><subfield code='w'>ALPHANUM</subfield><subfield code='i'>X004984710</subfield><subfield code='l'>STACKS</subfield><subfield code='m'>SPEC-COLL</subfield><subfield code='t'>MANUSCRIPT</subfield></datafield><datafield ind1=' ' ind2=' ' tag='999'><subfield code='a'>MSS 5843, 5843-b Box 42</subfield><subfield code='w'>ALPHANUM</subfield><subfield code='i'>X004984711</subfield><subfield code='l'>STACKS</subfield><subfield code='m'>SPEC-COLL</subfield><subfield code='t'>MANUSCRIPT</subfield></datafield><datafield ind1=' ' ind2=' ' tag='999'><subfield code='a'>MSS 5843, 5843-b Box 43</subfield><subfield code='w'>ALPHANUM</subfield><subfield code='i'>X004984712</subfield><subfield code='l'>STACKS</subfield><subfield code='m'>SPEC-COLL</subfield><subfield code='t'>MANUSCRIPT</subfield></datafield><datafield ind1=' ' ind2=' ' tag='999'><subfield code='a'>MSS 5843, 5843-b Box 44</subfield><subfield code='w'>ALPHANUM</subfield><subfield code='i'>X004984713</subfield><subfield code='l'>STACKS</subfield><subfield code='m'>SPEC-COLL</subfield><subfield code='t'>MANUSCRIPT</subfield></datafield><datafield ind1=' ' ind2=' ' tag='999'><subfield code='a'>MSS 5843, 5843-b Box 45</subfield><subfield code='w'>ALPHANUM</subfield><subfield code='i'>X004984714</subfield><subfield code='l'>STACKS</subfield><subfield code='m'>SPEC-COLL</subfield><subfield code='t'>MANUSCRIPT</subfield></datafield><datafield ind1=' ' ind2=' ' tag='999'><subfield code='a'>MSS 5843, 5843-b Box 46</subfield><subfield code='w'>ALPHANUM</subfield><subfield code='i'>X004984715</subfield><subfield code='l'>STACKS</subfield><subfield code='m'>SPEC-COLL</subfield><subfield code='t'>MANUSCRIPT</subfield></datafield><datafield ind1=' ' ind2=' ' tag='999'><subfield code='a'>MSS 5843, 5843-b Box 47</subfield><subfield code='w'>ALPHANUM</subfield><subfield code='i'>X004984716</subfield><subfield code='l'>STACKS</subfield><subfield code='m'>SPEC-COLL</subfield><subfield code='t'>MANUSCRIPT</subfield></datafield><datafield ind1=' ' ind2=' ' tag='999'><subfield code='a'>MSS 5843, 5843-b Box 48</subfield><subfield code='w'>ALPHANUM</subfield><subfield code='i'>X004984717</subfield><subfield code='l'>STACKS</subfield><subfield code='m'>SPEC-COLL</subfield><subfield code='t'>MANUSCRIPT</subfield></datafield><datafield ind1=' ' ind2=' ' tag='999'><subfield code='a'>MSS 5843, 5843-b Box 49</subfield><subfield code='w'>ALPHANUM</subfield><subfield code='i'>X004984718</subfield><subfield code='l'>STACKS</subfield><subfield code='m'>SPEC-COLL</subfield><subfield code='t'>MANUSCRIPT</subfield></datafield><datafield ind1=' ' ind2=' ' tag='999'><subfield code='a'>MSS 5843, 5843-b Box 50</subfield><subfield code='w'>ALPHANUM</subfield><subfield code='i'>X004984719</subfield><subfield code='l'>STACKS</subfield><subfield code='m'>SPEC-COLL</subfield><subfield code='t'>MANUSCRIPT</subfield></datafield><datafield ind1=' ' ind2=' ' tag='999'><subfield code='a'>MSS 5843, 5843-b Box 51</subfield><subfield code='w'>ALPHANUM</subfield><subfield code='i'>X004984720</subfield><subfield code='l'>STACKS</subfield><subfield code='m'>SPEC-COLL</subfield><subfield code='t'>MANUSCRIPT</subfield></datafield><datafield ind1=' ' ind2=' ' tag='999'><subfield code='a'>MSS 5843, 5843-b Box 52</subfield><subfield code='w'>ALPHANUM</subfield><subfield code='i'>X004984721</subfield><subfield code='l'>STACKS</subfield><subfield code='m'>SPEC-COLL</subfield><subfield code='t'>MANUSCRIPT</subfield></datafield><datafield ind1=' ' ind2=' ' tag='999'><subfield code='a'>MSS 5843, 5843-b Box 53</subfield><subfield code='w'>ALPHANUM</subfield><subfield code='i'>X004984722</subfield><subfield code='l'>STACKS</subfield><subfield code='m'>SPEC-COLL</subfield><subfield code='t'>MANUSCRIPT</subfield></datafield><datafield ind1=' ' ind2=' ' tag='999'><subfield code='a'>MSS 5843, 5843-b Box 54</subfield><subfield code='w'>ALPHANUM</subfield><subfield code='i'>X004984723</subfield><subfield code='l'>STACKS</subfield><subfield code='m'>SPEC-COLL</subfield><subfield code='t'>MANUSCRIPT</subfield></datafield><datafield ind1=' ' ind2=' ' tag='999'><subfield code='a'>MSS 5843, 5843-b Box 55</subfield><subfield code='w'>ALPHANUM</subfield><subfield code='i'>X004984724</subfield><subfield code='l'>STACKS</subfield><subfield code='m'>SPEC-COLL</subfield><subfield code='t'>MANUSCRIPT</subfield></datafield><datafield ind1=' ' ind2=' ' tag='999'><subfield code='a'>MSS 5843, 5843-b Box 56</subfield><subfield code='w'>ALPHANUM</subfield><subfield code='i'>X004984725</subfield><subfield code='l'>STACKS</subfield><subfield code='m'>SPEC-COLL</subfield><subfield code='t'>MANUSCRIPT</subfield></datafield><datafield ind1=' ' ind2=' ' tag='999'><subfield code='a'>MSS 5843, 5843-b Box 57</subfield><subfield code='w'>ALPHANUM</subfield><subfield code='i'>X004984726</subfield><subfield code='l'>STACKS</subfield><subfield code='m'>SPEC-COLL</subfield><subfield code='t'>MANUSCRIPT</subfield></datafield><datafield ind1=' ' ind2=' ' tag='999'><subfield code='a'>MSS 5843, 5843-b Box 58</subfield><subfield code='w'>ALPHANUM</subfield><subfield code='i'>X004984727</subfield><subfield code='l'>STACKS</subfield><subfield code='m'>SPEC-COLL</subfield><subfield code='t'>MANUSCRIPT</subfield></datafield><datafield ind1=' ' ind2=' ' tag='999'><subfield code='a'>MSS 5843, 5843-b Box 59</subfield><subfield code='w'>ALPHANUM</subfield><subfield code='i'>X004984728</subfield><subfield code='l'>STACKS</subfield><subfield code='m'>SPEC-COLL</subfield><subfield code='t'>MANUSCRIPT</subfield></datafield><datafield ind1=' ' ind2=' ' tag='999'><subfield code='a'>MSS 5843, 5843-b Box 60</subfield><subfield code='w'>ALPHANUM</subfield><subfield code='i'>X004961124</subfield><subfield code='l'>STACKS</subfield><subfield code='m'>SPEC-COLL</subfield><subfield code='t'>MANUSCRIPT</subfield></datafield><datafield ind1=' ' ind2=' ' tag='999'><subfield code='a'>MSS 5843, 5843-b Box 61</subfield><subfield code='w'>ALPHANUM</subfield><subfield code='i'>X004961125</subfield><subfield code='l'>STACKS</subfield><subfield code='m'>SPEC-COLL</subfield><subfield code='t'>MANUSCRIPT</subfield></datafield><datafield ind1=' ' ind2=' ' tag='999'><subfield code='a'>MSS 5843, 5843-b Box 62</subfield><subfield code='w'>ALPHANUM</subfield><subfield code='i'>X004961126</subfield><subfield code='l'>STACKS</subfield><subfield code='m'>SPEC-COLL</subfield><subfield code='t'>MANUSCRIPT</subfield></datafield><datafield ind1=' ' ind2=' ' tag='999'><subfield code='a'>MSS 5843, 5843-b Box 63</subfield><subfield code='w'>ALPHANUM</subfield><subfield code='i'>X004961127</subfield><subfield code='l'>STACKS</subfield><subfield code='m'>SPEC-COLL</subfield><subfield code='t'>MANUSCRIPT</subfield></datafield><datafield ind1=' ' ind2=' ' tag='999'><subfield code='a'>MSS 5843, 5843-b Box 64</subfield><subfield code='w'>ALPHANUM</subfield><subfield code='i'>X004961128</subfield><subfield code='l'>STACKS</subfield><subfield code='m'>SPEC-COLL</subfield><subfield code='t'>MANUSCRIPT</subfield></datafield><datafield ind1=' ' ind2=' ' tag='999'><subfield code='a'>MSS 5843, 5843-b Box 65</subfield><subfield code='w'>ALPHANUM</subfield><subfield code='i'>X004961129</subfield><subfield code='l'>STACKS</subfield><subfield code='m'>SPEC-COLL</subfield><subfield code='t'>MANUSCRIPT</subfield></datafield><datafield ind1=' ' ind2=' ' tag='999'><subfield code='a'>MSS 5843, 5843-b Box 66</subfield><subfield code='w'>ALPHANUM</subfield><subfield code='i'>X004961130</subfield><subfield code='l'>STACKS</subfield><subfield code='m'>SPEC-COLL</subfield><subfield code='t'>MANUSCRIPT</subfield></datafield><datafield ind1=' ' ind2=' ' tag='999'><subfield code='a'>MSS 5843, 5843-b Box 67</subfield><subfield code='w'>ALPHANUM</subfield><subfield code='i'>X004961131</subfield><subfield code='l'>STACKS</subfield><subfield code='m'>SPEC-COLL</subfield><subfield code='t'>MANUSCRIPT</subfield></datafield><datafield ind1=' ' ind2=' ' tag='999'><subfield code='a'>MSS 5843, 5843-b Box 68</subfield><subfield code='w'>ALPHANUM</subfield><subfield code='i'>X004961132</subfield><subfield code='l'>STACKS</subfield><subfield code='m'>SPEC-COLL</subfield><subfield code='t'>MANUSCRIPT</subfield></datafield><datafield ind1=' ' ind2=' ' tag='999'><subfield code='a'>MSS 5843, 5843-b Box 69</subfield><subfield code='w'>ALPHANUM</subfield><subfield code='i'>X004961133</subfield><subfield code='l'>STACKS</subfield><subfield code='m'>SPEC-COLL</subfield><subfield code='t'>MANUSCRIPT</subfield></datafield><datafield ind1=' ' ind2=' ' tag='999'><subfield code='a'>MSS 5843, 5843-b Box 70</subfield><subfield code='w'>ALPHANUM</subfield><subfield code='i'>X004961134</subfield><subfield code='l'>STACKS</subfield><subfield code='m'>SPEC-COLL</subfield><subfield code='t'>MANUSCRIPT</subfield></datafield><datafield ind1=' ' ind2=' ' tag='999'><subfield code='a'>MSS 5843, 5843-b Box 71</subfield><subfield code='w'>ALPHANUM</subfield><subfield code='i'>X004961135</subfield><subfield code='l'>STACKS</subfield><subfield code='m'>SPEC-COLL</subfield><subfield code='t'>MANUSCRIPT</subfield></datafield><datafield ind1=' ' ind2=' ' tag='999'><subfield code='a'>MSS 5843, 5843-b Box 72</subfield><subfield code='w'>ALPHANUM</subfield><subfield code='i'>X004961136</subfield><subfield code='l'>STACKS</subfield><subfield code='m'>SPEC-COLL</subfield><subfield code='t'>MANUSCRIPT</subfield></datafield><datafield ind1=' ' ind2=' ' tag='999'><subfield code='a'>MSS 5843, 5843-b Box 73</subfield><subfield code='w'>ALPHANUM</subfield><subfield code='i'>X004961137</subfield><subfield code='l'>STACKS</subfield><subfield code='m'>SPEC-COLL</subfield><subfield code='t'>MANUSCRIPT</subfield></datafield><datafield ind1=' ' ind2=' ' tag='999'><subfield code='a'>MSS 5843, 5843-b Box 74</subfield><subfield code='w'>ALPHANUM</subfield><subfield code='i'>X004961138</subfield><subfield code='l'>STACKS</subfield><subfield code='m'>SPEC-COLL</subfield><subfield code='t'>MANUSCRIPT</subfield></datafield><datafield ind1=' ' ind2=' ' tag='999'><subfield code='a'>MSS 5843, 5843-b Box 75</subfield><subfield code='w'>ALPHANUM</subfield><subfield code='i'>X004961139</subfield><subfield code='l'>STACKS</subfield><subfield code='m'>SPEC-COLL</subfield><subfield code='t'>MANUSCRIPT</subfield></datafield><datafield ind1=' ' ind2=' ' tag='999'><subfield code='a'>MSS 5843, 5843-b Box 76</subfield><subfield code='w'>ALPHANUM</subfield><subfield code='i'>X004961140</subfield><subfield code='l'>STACKS</subfield><subfield code='m'>SPEC-COLL</subfield><subfield code='t'>MANUSCRIPT</subfield></datafield><datafield ind1=' ' ind2=' ' tag='999'><subfield code='a'>MSS 5843, 5843-b Box 77</subfield><subfield code='w'>ALPHANUM</subfield><subfield code='i'>X004961141</subfield><subfield code='l'>STACKS</subfield><subfield code='m'>SPEC-COLL</subfield><subfield code='t'>MANUSCRIPT</subfield></datafield><datafield ind1=' ' ind2=' ' tag='999'><subfield code='a'>MSS 5843-b Box 1</subfield><subfield code='w'>ALPHANUM</subfield><subfield code='i'>X004961142</subfield><subfield code='l'>STACKS</subfield><subfield code='m'>SPEC-COLL</subfield><subfield code='t'>MANUSCRIPT</subfield></datafield><datafield ind1=' ' ind2=' ' tag='999'><subfield code='a'>MSS 5843-b Box 2</subfield><subfield code='w'>ALPHANUM</subfield><subfield code='i'>X004961143</subfield><subfield code='l'>STACKS</subfield><subfield code='m'>SPEC-COLL</subfield><subfield code='t'>MANUSCRIPT</subfield></datafield><datafield ind1=' ' ind2=' ' tag='999'><subfield code='a'>MSS 5843-b Box 3</subfield><subfield code='w'>ALPHANUM</subfield><subfield code='i'>X004961144</subfield><subfield code='l'>STACKS</subfield><subfield code='m'>SPEC-COLL</subfield><subfield code='t'>MANUSCRIPT</subfield></datafield><datafield ind1=' ' ind2=' ' tag='999'><subfield code='a'>MSS 5843-b Oversized</subfield><subfield code='w'>ALPHANUM</subfield><subfield code='i'>2095040-83001</subfield><subfield code='l'>STACKS</subfield><subfield code='m'>SPEC-COLL</subfield><subfield code='t'>MANUSCRIPT</subfield></datafield></record>