<record xmlns='http://www.loc.gov/MARC21/slim'><leader>10696cpc a2201513 a 4500</leader><controlfield tag='001'>u2637011</controlfield><controlfield tag='003'>SIRSI</controlfield><controlfield tag='008'>000000i17631841vau                 eng d</controlfield><datafield ind1=' ' ind2=' ' tag='010'><subfield code='b'>NUCMC MS 59-126</subfield></datafield><datafield ind1=' ' ind2=' ' tag='035'><subfield code='a'>(OCoLC)647883923</subfield></datafield><datafield ind1=' ' ind2=' ' tag='040'><subfield code='a'>VA@</subfield><subfield code='c'>VA@</subfield><subfield code='e'>appm</subfield></datafield><datafield ind1=' ' ind2=' ' tag='049'><subfield code='a'>VA@@</subfield></datafield><datafield ind1='1' ind2=' ' tag='100'><subfield code='a'>Heth, Henry.</subfield></datafield><datafield ind1='1' ind2=' ' tag='245'><subfield code='a'>Papers of Henry Heth</subfield><subfield code='h'>[manuscript],</subfield><subfield code='f'>1763-1841.</subfield></datafield><datafield ind1=' ' ind2=' ' tag='300'><subfield code='a'>4000</subfield><subfield code='f'>items.</subfield></datafield><datafield ind1=' ' ind2=' ' tag='520'><subfield code='a'>Correspondence, contracts, receipts, and other business papers deal mainly with Heth&apos;s coal business in Manchester, Va. (now incorporated in Richmond, Va.)  There are autographs of some Revolutionary War figures including John Marshall, James Monroe, John Page, Edmund Randolph, Thomas Mann Randolph and George Washington.  In addition there is a return of taxable property for the year 1788, Richmond, Va.</subfield></datafield><datafield ind1=' ' ind2=' ' tag='524'><subfield code='a'>Henry Heth, Papers, 1763-1841, Accession #38-114, Special Collections Dept., University of Virginia Library, Charlottesville, Va.</subfield></datafield><datafield ind1=' ' ind2=' ' tag='545'><subfield code='a'>Army officer and coal mine owner.</subfield></datafield><datafield ind1=' ' ind2=' ' tag='596'><subfield code='a'>10</subfield></datafield><datafield ind1='1' ind2='0' tag='600'><subfield code='a'>Marshall, John,</subfield><subfield code='d'>1755-1835</subfield><subfield code='v'>Autographs.</subfield></datafield><datafield ind1='1' ind2='0' tag='600'><subfield code='a'>Monroe, James,</subfield><subfield code='d'>1758-1831</subfield><subfield code='v'>Autographs.</subfield></datafield><datafield ind1='1' ind2='0' tag='600'><subfield code='a'>Page, John, </subfield><subfield code='d'>1743-1808</subfield><subfield code='v'>Autographs.</subfield></datafield><datafield ind1='1' ind2='0' tag='600'><subfield code='a'>Randolph, Edmund,</subfield><subfield code='d'>1753-1813.</subfield></datafield><datafield ind1='1' ind2='0' tag='600'><subfield code='a'>Randolph, Thomas M.</subfield><subfield code='q'>(Thomas Mann),</subfield><subfield code='d'>1768-1828</subfield><subfield code='v'>Autographs.</subfield></datafield><datafield ind1='2' ind2='0' tag='610'><subfield code='a'>Federal Party (U.S.)</subfield></datafield><datafield ind1=' ' ind2='0' tag='650'><subfield code='a'>Autographs</subfield><subfield code='v'>Collections</subfield></datafield><datafield ind1=' ' ind2='0' tag='650'><subfield code='a'>Coal trade</subfield><subfield code='z'>Virginia</subfield><subfield code='z'>Richmond.</subfield></datafield><datafield ind1=' ' ind2='0' tag='650'><subfield code='a'>Property tax</subfield><subfield code='z'>Virginia</subfield><subfield code='z'>Richmond.</subfield></datafield><datafield ind1=' ' ind2='0' tag='650'><subfield code='a'>Tobacco</subfield><subfield code='z'>Virginia.</subfield></datafield><datafield ind1=' ' ind2='0' tag='651'><subfield code='a'>Chesterfield County (Va.)</subfield></datafield><datafield ind1=' ' ind2='0' tag='651'><subfield code='a'>Henrico County (Va.)</subfield></datafield><datafield ind1=' ' ind2='0' tag='651'><subfield code='a'>Manchester (Va.)</subfield></datafield><datafield ind1=' ' ind2='0' tag='651'><subfield code='a'>Norfolk (Va.)</subfield></datafield><datafield ind1=' ' ind2='0' tag='651'><subfield code='a'>Richmond (Va.)</subfield></datafield><datafield ind1='1' ind2=' ' tag='700'><subfield code='a'>Heth, Henry, </subfield><subfield code='d'>d. 1821.</subfield></datafield><datafield ind1='1' ind2=' ' tag='700'><subfield code='a'>Heth, Henry, </subfield><subfield code='d'>1793-1824.</subfield></datafield><datafield ind1='1' ind2=' ' tag='700'><subfield code='a'>Heth, Henry, </subfield><subfield code='d'>1718-1793.</subfield></datafield><datafield ind1='1' ind2=' ' tag='700'><subfield code='a'>Heth, William, </subfield><subfield code='d'>1750-1807.</subfield></datafield><datafield ind1='1' ind2=' ' tag='700'><subfield code='a'>Washington, George,</subfield><subfield code='d'>1732-1799</subfield><subfield code='e'>correspondent.</subfield></datafield><datafield ind1='4' ind2='2' tag='856'><subfield code='z'>GUIDE TO THE COLLECTION AVAILABLE ONLINE: </subfield><subfield code='u'>http://ead.lib.virginia.edu/vivaead/published/uva-sc/vivadoc.pl?file=viu03775.xml</subfield><subfield code='2'>http</subfield></datafield><datafield ind1=' ' ind2=' ' tag='946'><subfield code='a'>17 Boxes - MSS Stacks.  Heth Family genealogy in Genealogy tray</subfield></datafield><datafield ind1=' ' ind2=' ' tag='946'><subfield code='a'>George Washington letters in X-Washington Papers.  John Marshall letter in X-Autograph file.  James Monroe indenture in X-Monroe Papers.  John Randolph of Roanoke letters in X-Randolph Papers</subfield></datafield><datafield ind1=' ' ind2=' ' tag='999'><subfield code='a'>MSS 38-114</subfield><subfield code='w'>ALPHANUM</subfield><subfield code='i'>2637011-1001</subfield><subfield code='l'>STACKS</subfield><subfield code='m'>SPEC-COLL</subfield><subfield code='t'>MANUSCRIPT</subfield></datafield><datafield ind1=' ' ind2=' ' tag='999'><subfield code='a'>MSS 38-114 Box 1</subfield><subfield code='w'>ALPHANUM</subfield><subfield code='i'>X004987095</subfield><subfield code='l'>STACKS</subfield><subfield code='m'>SPEC-COLL</subfield><subfield code='t'>MANUSCRIPT</subfield></datafield><datafield ind1=' ' ind2=' ' tag='999'><subfield code='a'>MSS 38-114 Box 2</subfield><subfield code='w'>ALPHANUM</subfield><subfield code='i'>X004987096</subfield><subfield code='l'>STACKS</subfield><subfield code='m'>SPEC-COLL</subfield><subfield code='t'>MANUSCRIPT</subfield></datafield><datafield ind1=' ' ind2=' ' tag='999'><subfield code='a'>MSS 38-114 Box 3</subfield><subfield code='w'>ALPHANUM</subfield><subfield code='i'>X004987097</subfield><subfield code='l'>STACKS</subfield><subfield code='m'>SPEC-COLL</subfield><subfield code='t'>MANUSCRIPT</subfield></datafield><datafield ind1=' ' ind2=' ' tag='999'><subfield code='a'>MSS 38-114 Box 4</subfield><subfield code='w'>ALPHANUM</subfield><subfield code='i'>X004987098</subfield><subfield code='l'>STACKS</subfield><subfield code='m'>SPEC-COLL</subfield><subfield code='t'>MANUSCRIPT</subfield></datafield><datafield ind1=' ' ind2=' ' tag='999'><subfield code='a'>MSS 38-114 Box 5</subfield><subfield code='w'>ALPHANUM</subfield><subfield code='i'>X004987099</subfield><subfield code='l'>STACKS</subfield><subfield code='m'>SPEC-COLL</subfield><subfield code='t'>MANUSCRIPT</subfield></datafield><datafield ind1=' ' ind2=' ' tag='999'><subfield code='a'>MSS 38-114 Box 6</subfield><subfield code='w'>ALPHANUM</subfield><subfield code='i'>X004987100</subfield><subfield code='l'>STACKS</subfield><subfield code='m'>SPEC-COLL</subfield><subfield code='t'>MANUSCRIPT</subfield></datafield><datafield ind1=' ' ind2=' ' tag='999'><subfield code='a'>MSS 38-114 Box 7</subfield><subfield code='w'>ALPHANUM</subfield><subfield code='i'>X004987101</subfield><subfield code='l'>STACKS</subfield><subfield code='m'>SPEC-COLL</subfield><subfield code='t'>MANUSCRIPT</subfield></datafield><datafield ind1=' ' ind2=' ' tag='999'><subfield code='a'>MSS 38-114 Box 8</subfield><subfield code='w'>ALPHANUM</subfield><subfield code='i'>X004987102</subfield><subfield code='l'>STACKS</subfield><subfield code='m'>SPEC-COLL</subfield><subfield code='t'>MANUSCRIPT</subfield></datafield><datafield ind1=' ' ind2=' ' tag='999'><subfield code='a'>MSS 38-114 Box 9</subfield><subfield code='w'>ALPHANUM</subfield><subfield code='i'>X004987103</subfield><subfield code='l'>STACKS</subfield><subfield code='m'>SPEC-COLL</subfield><subfield code='t'>MANUSCRIPT</subfield></datafield><datafield ind1=' ' ind2=' ' tag='999'><subfield code='a'>MSS 38-114 Box 10</subfield><subfield code='w'>ALPHANUM</subfield><subfield code='i'>X004987104</subfield><subfield code='l'>STACKS</subfield><subfield code='m'>SPEC-COLL</subfield><subfield code='t'>MANUSCRIPT</subfield></datafield><datafield ind1=' ' ind2=' ' tag='999'><subfield code='a'>MSS 38-114 Box 11</subfield><subfield code='w'>ALPHANUM</subfield><subfield code='i'>X004987105</subfield><subfield code='l'>STACKS</subfield><subfield code='m'>SPEC-COLL</subfield><subfield code='t'>MANUSCRIPT</subfield></datafield><datafield ind1=' ' ind2=' ' tag='999'><subfield code='a'>MSS 38-114 Box 12</subfield><subfield code='w'>ALPHANUM</subfield><subfield code='i'>X004987106</subfield><subfield code='l'>STACKS</subfield><subfield code='m'>SPEC-COLL</subfield><subfield code='t'>MANUSCRIPT</subfield></datafield><datafield ind1=' ' ind2=' ' tag='999'><subfield code='a'>MSS 38-114 Box 13</subfield><subfield code='w'>ALPHANUM</subfield><subfield code='i'>X004987107</subfield><subfield code='l'>STACKS</subfield><subfield code='m'>SPEC-COLL</subfield><subfield code='t'>MANUSCRIPT</subfield></datafield><datafield ind1=' ' ind2=' ' tag='999'><subfield code='a'>MSS 38-114 Box 14</subfield><subfield code='w'>ALPHANUM</subfield><subfield code='i'>X004987108</subfield><subfield code='l'>STACKS</subfield><subfield code='m'>SPEC-COLL</subfield><subfield code='t'>MANUSCRIPT</subfield></datafield><datafield ind1=' ' ind2=' ' tag='999'><subfield code='a'>MSS 38-114 Box 15</subfield><subfield code='w'>ALPHANUM</subfield><subfield code='i'>X004987109</subfield><subfield code='l'>STACKS</subfield><subfield code='m'>SPEC-COLL</subfield><subfield code='t'>MANUSCRIPT</subfield></datafield><datafield ind1=' ' ind2=' ' tag='999'><subfield code='a'>MSS 38-114 Box 16</subfield><subfield code='w'>ALPHANUM</subfield><subfield code='i'>X004987110</subfield><subfield code='l'>STACKS</subfield><subfield code='m'>SPEC-COLL</subfield><subfield code='t'>MANUSCRIPT</subfield></datafield><datafield ind1=' ' ind2=' ' tag='999'><subfield code='a'>MSS 38-114 Box 17 Folder 1</subfield><subfield code='w'>ALPHANUM</subfield><subfield code='i'>X030043491</subfield><subfield code='l'>STACKS</subfield><subfield code='m'>SPEC-COLL</subfield><subfield code='t'>MANUSCRIPT</subfield></datafield><datafield ind1=' ' ind2=' ' tag='999'><subfield code='a'>MSS 38-114 Box 17 Folder 2</subfield><subfield code='w'>ALPHANUM</subfield><subfield code='i'>X030043492</subfield><subfield code='l'>STACKS</subfield><subfield code='m'>SPEC-COLL</subfield><subfield code='t'>MANUSCRIPT</subfield></datafield><datafield ind1=' ' ind2=' ' tag='999'><subfield code='a'>MSS 38-114 Box 17 Folder 3</subfield><subfield code='w'>ALPHANUM</subfield><subfield code='i'>X030043493</subfield><subfield code='l'>STACKS</subfield><subfield code='m'>SPEC-COLL</subfield><subfield code='t'>MANUSCRIPT</subfield></datafield><datafield ind1=' ' ind2=' ' tag='999'><subfield code='a'>MSS 38-114 Box 17 Folder 4</subfield><subfield code='w'>ALPHANUM</subfield><subfield code='i'>X030043494</subfield><subfield code='l'>STACKS</subfield><subfield code='m'>SPEC-COLL</subfield><subfield code='t'>MANUSCRIPT</subfield></datafield><datafield ind1=' ' ind2=' ' tag='999'><subfield code='a'>MSS 38-114 Box 17 Folder 5</subfield><subfield code='w'>ALPHANUM</subfield><subfield code='i'>X030043495</subfield><subfield code='l'>STACKS</subfield><subfield code='m'>SPEC-COLL</subfield><subfield code='t'>MANUSCRIPT</subfield></datafield><datafield ind1=' ' ind2=' ' tag='999'><subfield code='a'>MSS 38-114 Box 17 Folder 6</subfield><subfield code='w'>ALPHANUM</subfield><subfield code='i'>X030043496</subfield><subfield code='l'>STACKS</subfield><subfield code='m'>SPEC-COLL</subfield><subfield code='t'>MANUSCRIPT</subfield></datafield><datafield ind1=' ' ind2=' ' tag='999'><subfield code='a'>MSS 38-114 Box 17 Folder 7</subfield><subfield code='w'>ALPHANUM</subfield><subfield code='i'>X030043497</subfield><subfield code='l'>STACKS</subfield><subfield code='m'>SPEC-COLL</subfield><subfield code='t'>MANUSCRIPT</subfield></datafield><datafield ind1=' ' ind2=' ' tag='999'><subfield code='a'>MSS 38-114 Box 17 Folder 8</subfield><subfield code='w'>ALPHANUM</subfield><subfield code='i'>X030043498</subfield><subfield code='l'>STACKS</subfield><subfield code='m'>SPEC-COLL</subfield><subfield code='t'>MANUSCRIPT</subfield></datafield><datafield ind1=' ' ind2=' ' tag='999'><subfield code='a'>MSS 38-114 Box 17 Folder 9</subfield><subfield code='w'>ALPHANUM</subfield><subfield code='i'>X030043499</subfield><subfield code='l'>STACKS</subfield><subfield code='m'>SPEC-COLL</subfield><subfield code='t'>MANUSCRIPT</subfield></datafield><datafield ind1=' ' ind2=' ' tag='999'><subfield code='a'>MSS 38-114 Box 17 Folder 10</subfield><subfield code='w'>ALPHANUM</subfield><subfield code='i'>X030043500</subfield><subfield code='l'>STACKS</subfield><subfield code='m'>SPEC-COLL</subfield><subfield code='t'>MANUSCRIPT</subfield></datafield><datafield ind1=' ' ind2=' ' tag='999'><subfield code='a'>MSS 38-114 Box 17 Folder 11</subfield><subfield code='w'>ALPHANUM</subfield><subfield code='i'>X030043501</subfield><subfield code='l'>STACKS</subfield><subfield code='m'>SPEC-COLL</subfield><subfield code='t'>MANUSCRIPT</subfield></datafield><datafield ind1=' ' ind2=' ' tag='999'><subfield code='a'>MSS 38-114 Box 17 Folder 12</subfield><subfield code='w'>ALPHANUM</subfield><subfield code='i'>X030043502</subfield><subfield code='l'>STACKS</subfield><subfield code='m'>SPEC-COLL</subfield><subfield code='t'>MANUSCRIPT</subfield></datafield><datafield ind1=' ' ind2=' ' tag='999'><subfield code='a'>MSS 38-114 Box 17 Folder 13</subfield><subfield code='w'>ALPHANUM</subfield><subfield code='i'>X030043503</subfield><subfield code='l'>STACKS</subfield><subfield code='m'>SPEC-COLL</subfield><subfield code='t'>MANUSCRIPT</subfield></datafield><datafield ind1=' ' ind2=' ' tag='999'><subfield code='a'>MSS 38-114 Box 17 Folder 14</subfield><subfield code='w'>ALPHANUM</subfield><subfield code='i'>X030043504</subfield><subfield code='l'>STACKS</subfield><subfield code='m'>SPEC-COLL</subfield><subfield code='t'>MANUSCRIPT</subfield></datafield><datafield ind1=' ' ind2=' ' tag='999'><subfield code='a'>MSS 38-114 Box 17 Folder 15</subfield><subfield code='w'>ALPHANUM</subfield><subfield code='i'>X030043505</subfield><subfield code='l'>STACKS</subfield><subfield code='m'>SPEC-COLL</subfield><subfield code='t'>MANUSCRIPT</subfield></datafield><datafield ind1=' ' ind2=' ' tag='999'><subfield code='a'>MSS 38-114 Box 17 Folder 16</subfield><subfield code='w'>ALPHANUM</subfield><subfield code='i'>X030043506</subfield><subfield code='l'>STACKS</subfield><subfield code='m'>SPEC-COLL</subfield><subfield code='t'>MANUSCRIPT</subfield></datafield><datafield ind1=' ' ind2=' ' tag='999'><subfield code='a'>MSS 38-114 Box 17 Folder 17</subfield><subfield code='w'>ALPHANUM</subfield><subfield code='i'>X030043507</subfield><subfield code='l'>STACKS</subfield><subfield code='m'>SPEC-COLL</subfield><subfield code='t'>MANUSCRIPT</subfield></datafield><datafield ind1=' ' ind2=' ' tag='999'><subfield code='a'>MSS 38-114 Box 17 Folder 18</subfield><subfield code='w'>ALPHANUM</subfield><subfield code='i'>X030043508</subfield><subfield code='l'>STACKS</subfield><subfield code='m'>SPEC-COLL</subfield><subfield code='t'>MANUSCRIPT</subfield></datafield><datafield ind1=' ' ind2=' ' tag='999'><subfield code='a'>MSS 38-114 Box 17 Folder 19</subfield><subfield code='w'>ALPHANUM</subfield><subfield code='i'>X030043509</subfield><subfield code='l'>STACKS</subfield><subfield code='m'>SPEC-COLL</subfield><subfield code='t'>MANUSCRIPT</subfield></datafield><datafield ind1=' ' ind2=' ' tag='999'><subfield code='a'>MSS 38-114 Box 17 Folder 20</subfield><subfield code='w'>ALPHANUM</subfield><subfield code='i'>X030043510</subfield><subfield code='l'>STACKS</subfield><subfield code='m'>SPEC-COLL</subfield><subfield code='t'>MANUSCRIPT</subfield></datafield><datafield ind1=' ' ind2=' ' tag='999'><subfield code='a'>MSS 38-114 Box 17 Folder 21</subfield><subfield code='w'>ALPHANUM</subfield><subfield code='i'>X030043511</subfield><subfield code='l'>STACKS</subfield><subfield code='m'>SPEC-COLL</subfield><subfield code='t'>MANUSCRIPT</subfield></datafield><datafield ind1=' ' ind2=' ' tag='999'><subfield code='a'>MSS 38-114 Box 17 Folder 22</subfield><subfield code='w'>ALPHANUM</subfield><subfield code='i'>X030043512</subfield><subfield code='l'>STACKS</subfield><subfield code='m'>SPEC-COLL</subfield><subfield code='t'>MANUSCRIPT</subfield></datafield><datafield ind1=' ' ind2=' ' tag='999'><subfield code='a'>MSS 38-114 Box 17 Folder 23</subfield><subfield code='w'>ALPHANUM</subfield><subfield code='i'>X030043513</subfield><subfield code='l'>STACKS</subfield><subfield code='m'>SPEC-COLL</subfield><subfield code='t'>MANUSCRIPT</subfield></datafield><datafield ind1=' ' ind2=' ' tag='999'><subfield code='a'>MSS 38-114 Box 17 Folder 24</subfield><subfield code='w'>ALPHANUM</subfield><subfield code='i'>X030043514</subfield><subfield code='l'>STACKS</subfield><subfield code='m'>SPEC-COLL</subfield><subfield code='t'>MANUSCRIPT</subfield></datafield><datafield ind1=' ' ind2=' ' tag='999'><subfield code='a'>MSS 38-114 Box 17 Folder 25</subfield><subfield code='w'>ALPHANUM</subfield><subfield code='i'>X030043515</subfield><subfield code='l'>STACKS</subfield><subfield code='m'>SPEC-COLL</subfield><subfield code='t'>MANUSCRIPT</subfield></datafield><datafield ind1=' ' ind2=' ' tag='999'><subfield code='a'>MSS 38-114 Box 17 Folder 26</subfield><subfield code='w'>ALPHANUM</subfield><subfield code='i'>X030043516</subfield><subfield code='l'>STACKS</subfield><subfield code='m'>SPEC-COLL</subfield><subfield code='t'>MANUSCRIPT</subfield></datafield><datafield ind1=' ' ind2=' ' tag='999'><subfield code='a'>MSS 38-114 Box 17 Folder 27</subfield><subfield code='w'>ALPHANUM</subfield><subfield code='i'>X030043517</subfield><subfield code='l'>STACKS</subfield><subfield code='m'>SPEC-COLL</subfield><subfield code='t'>MANUSCRIPT</subfield></datafield><datafield ind1=' ' ind2=' ' tag='999'><subfield code='a'>MSS 38-114 Box 17 Folder 28</subfield><subfield code='w'>ALPHANUM</subfield><subfield code='i'>X030043518</subfield><subfield code='l'>STACKS</subfield><subfield code='m'>SPEC-COLL</subfield><subfield code='t'>MANUSCRIPT</subfield></datafield><datafield ind1=' ' ind2=' ' tag='999'><subfield code='a'>MSS 38-114 Box 17 Folder 29</subfield><subfield code='w'>ALPHANUM</subfield><subfield code='i'>X030043519</subfield><subfield code='l'>STACKS</subfield><subfield code='m'>SPEC-COLL</subfield><subfield code='t'>MANUSCRIPT</subfield></datafield><datafield ind1=' ' ind2=' ' tag='999'><subfield code='a'>MSS 38-114 Box 17 Folder 30</subfield><subfield code='w'>ALPHANUM</subfield><subfield code='i'>X030043520</subfield><subfield code='l'>STACKS</subfield><subfield code='m'>SPEC-COLL</subfield><subfield code='t'>MANUSCRIPT</subfield></datafield><datafield ind1=' ' ind2=' ' tag='999'><subfield code='a'>MSS 38-114 Box 17 Folder 31</subfield><subfield code='w'>ALPHANUM</subfield><subfield code='i'>X030043521</subfield><subfield code='l'>STACKS</subfield><subfield code='m'>SPEC-COLL</subfield><subfield code='t'>MANUSCRIPT</subfield></datafield><datafield ind1=' ' ind2=' ' tag='999'><subfield code='a'>MSS 38-114 Box 17 Folder 32</subfield><subfield code='w'>ALPHANUM</subfield><subfield code='i'>X030043522</subfield><subfield code='l'>STACKS</subfield><subfield code='m'>SPEC-COLL</subfield><subfield code='t'>MANUSCRIPT</subfield></datafield><datafield ind1=' ' ind2=' ' tag='999'><subfield code='a'>MSS 38-114 Box 17 Folder 33</subfield><subfield code='w'>ALPHANUM</subfield><subfield code='i'>X030043523</subfield><subfield code='l'>STACKS</subfield><subfield code='m'>SPEC-COLL</subfield><subfield code='t'>MANUSCRIPT</subfield></datafield><datafield ind1=' ' ind2=' ' tag='999'><subfield code='a'>MSS 38-114 Box 17 Folder 34</subfield><subfield code='w'>ALPHANUM</subfield><subfield code='i'>X030043524</subfield><subfield code='l'>STACKS</subfield><subfield code='m'>SPEC-COLL</subfield><subfield code='t'>MANUSCRIPT</subfield></datafield><datafield ind1=' ' ind2=' ' tag='999'><subfield code='a'>MSS 38-114 Box 17 Folder 35</subfield><subfield code='w'>ALPHANUM</subfield><subfield code='i'>X030043525</subfield><subfield code='l'>STACKS</subfield><subfield code='m'>SPEC-COLL</subfield><subfield code='t'>MANUSCRIPT</subfield></datafield><datafield ind1=' ' ind2=' ' tag='999'><subfield code='a'>MSS 38-114 Box 17 Folder 36</subfield><subfield code='w'>ALPHANUM</subfield><subfield code='i'>X030043526</subfield><subfield code='l'>STACKS</subfield><subfield code='m'>SPEC-COLL</subfield><subfield code='t'>MANUSCRIPT</subfield></datafield><datafield ind1=' ' ind2=' ' tag='999'><subfield code='a'>MSS 38-114 Box 17 Folder 37</subfield><subfield code='w'>ALPHANUM</subfield><subfield code='i'>X030043527</subfield><subfield code='l'>STACKS</subfield><subfield code='m'>SPEC-COLL</subfield><subfield code='t'>MANUSCRIPT</subfield></datafield><datafield ind1=' ' ind2=' ' tag='999'><subfield code='a'>MSS 38-114 Box 17 Folder 38</subfield><subfield code='w'>ALPHANUM</subfield><subfield code='i'>X030043528</subfield><subfield code='l'>STACKS</subfield><subfield code='m'>SPEC-COLL</subfield><subfield code='t'>MANUSCRIPT</subfield></datafield><datafield ind1=' ' ind2=' ' tag='999'><subfield code='a'>MSS 38-114 Box 17 Folder 39</subfield><subfield code='w'>ALPHANUM</subfield><subfield code='i'>X030043529</subfield><subfield code='l'>STACKS</subfield><subfield code='m'>SPEC-COLL</subfield><subfield code='t'>MANUSCRIPT</subfield></datafield><datafield ind1=' ' ind2=' ' tag='999'><subfield code='a'>MSS 38-114 Box 17 Folder 40</subfield><subfield code='w'>ALPHANUM</subfield><subfield code='i'>X030043530</subfield><subfield code='l'>STACKS</subfield><subfield code='m'>SPEC-COLL</subfield><subfield code='t'>MANUSCRIPT</subfield></datafield><datafield ind1=' ' ind2=' ' tag='999'><subfield code='a'>MSS 38-114 Box 17 Folder 41</subfield><subfield code='w'>ALPHANUM</subfield><subfield code='i'>X030043531</subfield><subfield code='l'>STACKS</subfield><subfield code='m'>SPEC-COLL</subfield><subfield code='t'>MANUSCRIPT</subfield></datafield><datafield ind1=' ' ind2=' ' tag='999'><subfield code='a'>MSS 38-114 Box 17 Folder 42</subfield><subfield code='w'>ALPHANUM</subfield><subfield code='i'>X030043532</subfield><subfield code='l'>STACKS</subfield><subfield code='m'>SPEC-COLL</subfield><subfield code='t'>MANUSCRIPT</subfield></datafield><datafield ind1=' ' ind2=' ' tag='999'><subfield code='a'>MSS 38-114 Box 17 Folder 43</subfield><subfield code='w'>ALPHANUM</subfield><subfield code='i'>X030043533</subfield><subfield code='l'>STACKS</subfield><subfield code='m'>SPEC-COLL</subfield><subfield code='t'>MANUSCRIPT</subfield></datafield><datafield ind1=' ' ind2=' ' tag='999'><subfield code='a'>MSS 38-114 Box 17 Folder 44</subfield><subfield code='w'>ALPHANUM</subfield><subfield code='i'>X030043534</subfield><subfield code='l'>STACKS</subfield><subfield code='m'>SPEC-COLL</subfield><subfield code='t'>MANUSCRIPT</subfield></datafield><datafield ind1=' ' ind2=' ' tag='999'><subfield code='a'>MSS 38-114 Box 17 Folder 45</subfield><subfield code='w'>ALPHANUM</subfield><subfield code='i'>X030043535</subfield><subfield code='l'>STACKS</subfield><subfield code='m'>SPEC-COLL</subfield><subfield code='t'>MANUSCRIPT</subfield></datafield><datafield ind1=' ' ind2=' ' tag='999'><subfield code='a'>MSS 38-114 Box 17 Folder 46</subfield><subfield code='w'>ALPHANUM</subfield><subfield code='i'>X030043536</subfield><subfield code='l'>STACKS</subfield><subfield code='m'>SPEC-COLL</subfield><subfield code='t'>MANUSCRIPT</subfield></datafield><datafield ind1=' ' ind2=' ' tag='999'><subfield code='a'>MSS 38-114 Box 17 Folder 47</subfield><subfield code='w'>ALPHANUM</subfield><subfield code='i'>X030043537</subfield><subfield code='l'>STACKS</subfield><subfield code='m'>SPEC-COLL</subfield><subfield code='t'>MANUSCRIPT</subfield></datafield><datafield ind1=' ' ind2=' ' tag='999'><subfield code='a'>MSS 38-114 Box 17 Folder 48</subfield><subfield code='w'>ALPHANUM</subfield><subfield code='i'>X030043538</subfield><subfield code='l'>STACKS</subfield><subfield code='m'>SPEC-COLL</subfield><subfield code='t'>MANUSCRIPT</subfield></datafield><datafield ind1=' ' ind2=' ' tag='999'><subfield code='a'>MSS 38-114 Box 17 Folder 49</subfield><subfield code='w'>ALPHANUM</subfield><subfield code='i'>X030043539</subfield><subfield code='l'>STACKS</subfield><subfield code='m'>SPEC-COLL</subfield><subfield code='t'>MANUSCRIPT</subfield></datafield><datafield ind1=' ' ind2=' ' tag='999'><subfield code='a'>MSS 38-114 Box 17 Folder 50</subfield><subfield code='w'>ALPHANUM</subfield><subfield code='i'>X030043540</subfield><subfield code='l'>STACKS</subfield><subfield code='m'>SPEC-COLL</subfield><subfield code='t'>MANUSCRIPT</subfield></datafield><datafield ind1=' ' ind2=' ' tag='999'><subfield code='a'>MSS 38-114 Box 17 Folder 51</subfield><subfield code='w'>ALPHANUM</subfield><subfield code='i'>X030043541</subfield><subfield code='l'>STACKS</subfield><subfield code='m'>SPEC-COLL</subfield><subfield code='t'>MANUSCRIPT</subfield></datafield><datafield ind1=' ' ind2=' ' tag='999'><subfield code='a'>MSS 38-114 Box 17 Folder 52</subfield><subfield code='w'>ALPHANUM</subfield><subfield code='i'>X030043542</subfield><subfield code='l'>STACKS</subfield><subfield code='m'>SPEC-COLL</subfield><subfield code='t'>MANUSCRIPT</subfield></datafield><datafield ind1=' ' ind2=' ' tag='999'><subfield code='a'>MSS 38-114 Box 17 Folder 53</subfield><subfield code='w'>ALPHANUM</subfield><subfield code='i'>X030043543</subfield><subfield code='l'>STACKS</subfield><subfield code='m'>SPEC-COLL</subfield><subfield code='t'>MANUSCRIPT</subfield></datafield><datafield ind1=' ' ind2=' ' tag='999'><subfield code='a'>MSS 38-114 Box 17 Folder 54</subfield><subfield code='w'>ALPHANUM</subfield><subfield code='i'>X030043544</subfield><subfield code='l'>STACKS</subfield><subfield code='m'>SPEC-COLL</subfield><subfield code='t'>MANUSCRIPT</subfield></datafield><datafield ind1=' ' ind2=' ' tag='999'><subfield code='a'>MSS 38-114 Box 17 Folder 55</subfield><subfield code='w'>ALPHANUM</subfield><subfield code='i'>X030043545</subfield><subfield code='l'>STACKS</subfield><subfield code='m'>SPEC-COLL</subfield><subfield code='t'>MANUSCRIPT</subfield></datafield><datafield ind1=' ' ind2=' ' tag='999'><subfield code='a'>MSS 38-114 Box 17 Folder 56</subfield><subfield code='w'>ALPHANUM</subfield><subfield code='i'>X030043546</subfield><subfield code='l'>STACKS</subfield><subfield code='m'>SPEC-COLL</subfield><subfield code='t'>MANUSCRIPT</subfield></datafield><datafield ind1=' ' ind2=' ' tag='999'><subfield code='a'>MSS 38-114 Box 17 Folder 57</subfield><subfield code='w'>ALPHANUM</subfield><subfield code='i'>X030043547</subfield><subfield code='l'>STACKS</subfield><subfield code='m'>SPEC-COLL</subfield><subfield code='t'>MANUSCRIPT</subfield></datafield><datafield ind1=' ' ind2=' ' tag='999'><subfield code='a'>MSS 38-114 Box 17 Folder 58</subfield><subfield code='w'>ALPHANUM</subfield><subfield code='i'>X030043548</subfield><subfield code='l'>STACKS</subfield><subfield code='m'>SPEC-COLL</subfield><subfield code='t'>MANUSCRIPT</subfield></datafield><datafield ind1=' ' ind2=' ' tag='999'><subfield code='a'>MSS 38-114 Box 17 Folder 59</subfield><subfield code='w'>ALPHANUM</subfield><subfield code='i'>X030043549</subfield><subfield code='l'>STACKS</subfield><subfield code='m'>SPEC-COLL</subfield><subfield code='t'>MANUSCRIPT</subfield></datafield><datafield ind1=' ' ind2=' ' tag='999'><subfield code='a'>MSS 38-114 Box 17 Folder 60</subfield><subfield code='w'>ALPHANUM</subfield><subfield code='i'>X030043550</subfield><subfield code='l'>STACKS</subfield><subfield code='m'>SPEC-COLL</subfield><subfield code='t'>MANUSCRIPT</subfield></datafield><datafield ind1=' ' ind2=' ' tag='999'><subfield code='a'>MSS 38-114 Box 17 Folder 61</subfield><subfield code='w'>ALPHANUM</subfield><subfield code='i'>X030043551</subfield><subfield code='l'>STACKS</subfield><subfield code='m'>SPEC-COLL</subfield><subfield code='t'>MANUSCRIPT</subfield></datafield><datafield ind1=' ' ind2=' ' tag='999'><subfield code='a'>MSS 38-114 Box 17 Folder 62</subfield><subfield code='w'>ALPHANUM</subfield><subfield code='i'>X030043552</subfield><subfield code='l'>STACKS</subfield><subfield code='m'>SPEC-COLL</subfield><subfield code='t'>MANUSCRIPT</subfield></datafield><datafield ind1=' ' ind2=' ' tag='999'><subfield code='a'>MSS 38-114 Box 17 Folder 63</subfield><subfield code='w'>ALPHANUM</subfield><subfield code='i'>X030043553</subfield><subfield code='l'>STACKS</subfield><subfield code='m'>SPEC-COLL</subfield><subfield code='t'>MANUSCRIPT</subfield></datafield><datafield ind1=' ' ind2=' ' tag='999'><subfield code='a'>MSS 38-114 Box 17 Folder 64</subfield><subfield code='w'>ALPHANUM</subfield><subfield code='i'>X030043554</subfield><subfield code='l'>STACKS</subfield><subfield code='m'>SPEC-COLL</subfield><subfield code='t'>MANUSCRIPT</subfield></datafield><datafield ind1=' ' ind2=' ' tag='999'><subfield code='a'>MSS 38-114 Autograph Folder 1</subfield><subfield code='w'>ALPHANUM</subfield><subfield code='i'>X030973042</subfield><subfield code='l'>SC-STKS-X</subfield><subfield code='m'>SPEC-COLL</subfield><subfield code='t'>MANUSCRIPT</subfield></datafield><datafield ind1=' ' ind2=' ' tag='999'><subfield code='a'>MSS 38-114 Autograph Folder 2</subfield><subfield code='w'>ALPHANUM</subfield><subfield code='i'>X030973044</subfield><subfield code='l'>SC-STKS-X</subfield><subfield code='m'>SPEC-COLL</subfield><subfield code='t'>MANUSCRIPT</subfield></datafield></record>