<record xmlns='http://www.loc.gov/MARC21/slim'><leader>03231cpcpa2200577 a 4500</leader><controlfield tag='001'>u2679724</controlfield><controlfield tag='003'>SIRSI</controlfield><controlfield tag='008'>000000i18461876vau                 eng d</controlfield><datafield ind1=' ' ind2=' ' tag='035'><subfield code='a'>(OCoLC)647889967</subfield></datafield><datafield ind1=' ' ind2=' ' tag='040'><subfield code='a'>VA@</subfield><subfield code='c'>VA@</subfield><subfield code='e'>appm</subfield></datafield><datafield ind1=' ' ind2=' ' tag='049'><subfield code='a'>VA@@</subfield></datafield><datafield ind1='1' ind2=' ' tag='100'><subfield code='a'>Neal, John,</subfield><subfield code='d'>1793-1876.</subfield></datafield><datafield ind1='1' ind2='0' tag='245'><subfield code='a'>Correspondence of John Neal</subfield><subfield code='h'>[manuscript],</subfield><subfield code='f'>1846-1876.</subfield></datafield><datafield ind1=' ' ind2=' ' tag='300'><subfield code='a'>21</subfield><subfield code='f'>items.</subfield></datafield><datafield ind1=' ' ind2=' ' tag='520'><subfield code='a'>The letters from Neal, Portland, Maine, are chiefly written to Elizabeth Oakes Prince Smith.</subfield></datafield><datafield ind1=' ' ind2=' ' tag='533'><subfield code='a'>Photocopies.</subfield></datafield><datafield ind1=' ' ind2=' ' tag='555'><subfield code='a'>Guide available</subfield></datafield><datafield ind1=' ' ind2=' ' tag='596'><subfield code='a'>10</subfield></datafield><datafield ind1=' ' ind2='0' tag='651'><subfield code='a'>Nicaragua</subfield><subfield code='x'>History</subfield><subfield code='y'>1838-1909.</subfield></datafield><datafield ind1='1' ind2=' ' tag='700'><subfield code='a'>Haven, Alice B.</subfield><subfield code='q'>(Alice Bradley),</subfield><subfield code='d'>1827-1863</subfield><subfield code='e'>correspondent.</subfield></datafield><datafield ind1='1' ind2=' ' tag='700'><subfield code='a'>Neal, Margaret E?,</subfield><subfield code='e'>correspondent.</subfield></datafield><datafield ind1='1' ind2=' ' tag='700'><subfield code='a'>Sherwood, Mary Neal</subfield><subfield code='e'>correspondent.</subfield></datafield><datafield ind1='1' ind2=' ' tag='700'><subfield code='a'>Smith, Elizabeth Oakes Prince,</subfield><subfield code='d'>1806-1893</subfield><subfield code='e'>correspondent.</subfield></datafield><datafield ind1='1' ind2=' ' tag='700'><subfield code='a'>Whitman, Sarah Helen Power,</subfield><subfield code='d'>1803-1878,</subfield><subfield code='e'>correspondent.</subfield></datafield><datafield ind1=' ' ind2=' ' tag='946'><subfield code='a'>1 box, MSS stacks</subfield></datafield><datafield ind1=' ' ind2=' ' tag='999'><subfield code='a'>MSS 38-311</subfield><subfield code='w'>ALPHANUM</subfield><subfield code='i'>X030083573</subfield><subfield code='l'>STACKS</subfield><subfield code='m'>SPEC-COLL</subfield><subfield code='t'>MANUSCRIPT</subfield></datafield><datafield ind1=' ' ind2=' ' tag='999'><subfield code='a'>MSS 38-311 Folder 1</subfield><subfield code='w'>ALPHANUM</subfield><subfield code='i'>X030083574</subfield><subfield code='l'>STACKS</subfield><subfield code='m'>SPEC-COLL</subfield><subfield code='t'>MANUSCRIPT</subfield></datafield><datafield ind1=' ' ind2=' ' tag='999'><subfield code='a'>MSS 38-311 Folder 2</subfield><subfield code='w'>ALPHANUM</subfield><subfield code='i'>X030083575</subfield><subfield code='l'>STACKS</subfield><subfield code='m'>SPEC-COLL</subfield><subfield code='t'>MANUSCRIPT</subfield></datafield><datafield ind1=' ' ind2=' ' tag='999'><subfield code='a'>MSS 38-311 Folder 3</subfield><subfield code='w'>ALPHANUM</subfield><subfield code='i'>X030083576</subfield><subfield code='l'>STACKS</subfield><subfield code='m'>SPEC-COLL</subfield><subfield code='t'>MANUSCRIPT</subfield></datafield><datafield ind1=' ' ind2=' ' tag='999'><subfield code='a'>MSS 38-311 Folder 4</subfield><subfield code='w'>ALPHANUM</subfield><subfield code='i'>X030083577</subfield><subfield code='l'>STACKS</subfield><subfield code='m'>SPEC-COLL</subfield><subfield code='t'>MANUSCRIPT</subfield></datafield><datafield ind1=' ' ind2=' ' tag='999'><subfield code='a'>MSS 38-311 Folder 5</subfield><subfield code='w'>ALPHANUM</subfield><subfield code='i'>X030083578</subfield><subfield code='l'>STACKS</subfield><subfield code='m'>SPEC-COLL</subfield><subfield code='t'>MANUSCRIPT</subfield></datafield><datafield ind1=' ' ind2=' ' tag='999'><subfield code='a'>MSS 38-311 Folder 6</subfield><subfield code='w'>ALPHANUM</subfield><subfield code='i'>X030083579</subfield><subfield code='l'>STACKS</subfield><subfield code='m'>SPEC-COLL</subfield><subfield code='t'>MANUSCRIPT</subfield></datafield><datafield ind1=' ' ind2=' ' tag='999'><subfield code='a'>MSS 38-311 Folder 7</subfield><subfield code='w'>ALPHANUM</subfield><subfield code='i'>X030083580</subfield><subfield code='l'>STACKS</subfield><subfield code='m'>SPEC-COLL</subfield><subfield code='t'>MANUSCRIPT</subfield></datafield><datafield ind1=' ' ind2=' ' tag='999'><subfield code='a'>MSS 38-311 Folder 8</subfield><subfield code='w'>ALPHANUM</subfield><subfield code='i'>X030083581</subfield><subfield code='l'>STACKS</subfield><subfield code='m'>SPEC-COLL</subfield><subfield code='t'>MANUSCRIPT</subfield></datafield><datafield ind1=' ' ind2=' ' tag='999'><subfield code='a'>MSS 38-311 Folder 9</subfield><subfield code='w'>ALPHANUM</subfield><subfield code='i'>X030083582</subfield><subfield code='l'>STACKS</subfield><subfield code='m'>SPEC-COLL</subfield><subfield code='t'>MANUSCRIPT</subfield></datafield><datafield ind1=' ' ind2=' ' tag='999'><subfield code='a'>MSS 38-311 Folder 10</subfield><subfield code='w'>ALPHANUM</subfield><subfield code='i'>X030083583</subfield><subfield code='l'>STACKS</subfield><subfield code='m'>SPEC-COLL</subfield><subfield code='t'>MANUSCRIPT</subfield></datafield><datafield ind1=' ' ind2=' ' tag='999'><subfield code='a'>MSS 38-311 Folder 11</subfield><subfield code='w'>ALPHANUM</subfield><subfield code='i'>X030083584</subfield><subfield code='l'>STACKS</subfield><subfield code='m'>SPEC-COLL</subfield><subfield code='t'>MANUSCRIPT</subfield></datafield><datafield ind1=' ' ind2=' ' tag='999'><subfield code='a'>MSS 38-311 Folder 12</subfield><subfield code='w'>ALPHANUM</subfield><subfield code='i'>X030083585</subfield><subfield code='l'>STACKS</subfield><subfield code='m'>SPEC-COLL</subfield><subfield code='t'>MANUSCRIPT</subfield></datafield><datafield ind1=' ' ind2=' ' tag='999'><subfield code='a'>MSS 38-311 Folder 13</subfield><subfield code='w'>ALPHANUM</subfield><subfield code='i'>X030083586</subfield><subfield code='l'>STACKS</subfield><subfield code='m'>SPEC-COLL</subfield><subfield code='t'>MANUSCRIPT</subfield></datafield><datafield ind1=' ' ind2=' ' tag='999'><subfield code='a'>MSS 38-311 Folder 14</subfield><subfield code='w'>ALPHANUM</subfield><subfield code='i'>X030083587</subfield><subfield code='l'>STACKS</subfield><subfield code='m'>SPEC-COLL</subfield><subfield code='t'>MANUSCRIPT</subfield></datafield><datafield ind1=' ' ind2=' ' tag='999'><subfield code='a'>MSS 38-311 Folder 15</subfield><subfield code='w'>ALPHANUM</subfield><subfield code='i'>X030083588</subfield><subfield code='l'>STACKS</subfield><subfield code='m'>SPEC-COLL</subfield><subfield code='t'>MANUSCRIPT</subfield></datafield><datafield ind1=' ' ind2=' ' tag='999'><subfield code='a'>MSS 38-311 Folder 16</subfield><subfield code='w'>ALPHANUM</subfield><subfield code='i'>X030083589</subfield><subfield code='l'>STACKS</subfield><subfield code='m'>SPEC-COLL</subfield><subfield code='t'>MANUSCRIPT</subfield></datafield><datafield ind1=' ' ind2=' ' tag='999'><subfield code='a'>MSS 38-311 Folder 17</subfield><subfield code='w'>ALPHANUM</subfield><subfield code='i'>X030083590</subfield><subfield code='l'>STACKS</subfield><subfield code='m'>SPEC-COLL</subfield><subfield code='t'>MANUSCRIPT</subfield></datafield><datafield ind1=' ' ind2=' ' tag='999'><subfield code='a'>MSS 38-311 Folder 18</subfield><subfield code='w'>ALPHANUM</subfield><subfield code='i'>X030083591</subfield><subfield code='l'>STACKS</subfield><subfield code='m'>SPEC-COLL</subfield><subfield code='t'>MANUSCRIPT</subfield></datafield><datafield ind1=' ' ind2=' ' tag='999'><subfield code='a'>MSS 38-311 Folder 19</subfield><subfield code='w'>ALPHANUM</subfield><subfield code='i'>X030083592</subfield><subfield code='l'>STACKS</subfield><subfield code='m'>SPEC-COLL</subfield><subfield code='t'>MANUSCRIPT</subfield></datafield><datafield ind1=' ' ind2=' ' tag='999'><subfield code='a'>MSS 38-311 Folder 20</subfield><subfield code='w'>ALPHANUM</subfield><subfield code='i'>X030083593</subfield><subfield code='l'>STACKS</subfield><subfield code='m'>SPEC-COLL</subfield><subfield code='t'>MANUSCRIPT</subfield></datafield><datafield ind1=' ' ind2=' ' tag='999'><subfield code='a'>MSS 38-311 Folder 21</subfield><subfield code='w'>ALPHANUM</subfield><subfield code='i'>X030083594</subfield><subfield code='l'>STACKS</subfield><subfield code='m'>SPEC-COLL</subfield><subfield code='t'>MANUSCRIPT</subfield></datafield></record>