<record xmlns='http://www.loc.gov/MARC21/slim'><leader>02335ntm a22004451  4500</leader><controlfield tag='001'>u3902991</controlfield><controlfield tag='003'>SIRSI</controlfield><controlfield tag='005'>20020809143904.0</controlfield><controlfield tag='008'>020809m18121940xx                 beng u</controlfield><datafield ind1=' ' ind2=' ' tag='035'><subfield code='a'>(Sirsi) a3902991</subfield></datafield><datafield ind1=' ' ind2=' ' tag='035'><subfield code='a'>(OCoLC)647946561</subfield></datafield><datafield ind1=' ' ind2=' ' tag='040'><subfield code='a'>VA@</subfield><subfield code='c'>VA@</subfield><subfield code='e'>appm</subfield></datafield><datafield ind1='0' ind2='0' tag='245'><subfield code='a'>Papers of the Minor &amp; Pierrepont families</subfield><subfield code='h'>[manuscript]</subfield><subfield code='f'>1812-1940.</subfield></datafield><datafield ind1=' ' ind2=' ' tag='300'><subfield code='a'>71</subfield><subfield code='f'>items.</subfield></datafield><datafield ind1=' ' ind2=' ' tag='520'><subfield code='a'>Collection contains religious essays, diplomas and certificates of Charles Lancelot Minor, photographs and books mainly regarding genealogy, Virginia and American history, and the University of Virginia.</subfield></datafield><datafield ind1=' ' ind2=' ' tag='524'><subfield code='a'>Papers of the Minor and Pierrepont families, 1812-1940, Accession #7286-c, Special Collections, University of Virginia Library, Charlottesville, Va.</subfield></datafield><datafield ind1=' ' ind2=' ' tag='596'><subfield code='a'>10</subfield></datafield><datafield ind1='3' ind2='0' tag='600'><subfield code='a'>Minor family.</subfield></datafield><datafield ind1='1' ind2='0' tag='600'><subfield code='a'>Pierrepont family.</subfield></datafield><datafield ind1=' ' ind2='0' tag='651'><subfield code='a'>Virginia</subfield><subfield code='v'>Genealogy.</subfield></datafield><datafield ind1=' ' ind2='0' tag='651'><subfield code='a'>Virginia</subfield><subfield code='x'>History.</subfield></datafield><datafield ind1='1' ind2=' ' tag='700'><subfield code='a'>Willis, Mary McDowell Venable Minor Ball,</subfield><subfield code='e'>donor.</subfield></datafield><datafield ind1='1' ind2='2' tag='700'><subfield code='a'>Minor, Charles Lancelot.</subfield></datafield><datafield ind1=' ' ind2=' ' tag='946'><subfield code='a'>DEPOSIT. SERVE TO USERS FOLLOWING VAULT PROCEDURES.</subfield></datafield><datafield ind1=' ' ind2=' ' tag='946'><subfield code='a'>SPECIAL COLLECTIONS: 10 boxes, MSS stacks</subfield></datafield><datafield ind1=' ' ind2=' ' tag='946'><subfield code='a'>SPECIAL COLLECTIONS: Oversized items in OS box M-12</subfield></datafield><datafield ind1=' ' ind2=' ' tag='999'><subfield code='a'>MSS 7286-c</subfield><subfield code='w'>ALPHANUM</subfield><subfield code='i'>X030013100</subfield><subfield code='l'>STACKS-DEP</subfield><subfield code='m'>SPEC-COLL</subfield><subfield code='t'>MANUSCRIPT</subfield></datafield><datafield ind1=' ' ind2=' ' tag='999'><subfield code='a'>MSS 7286-c Box 1</subfield><subfield code='w'>ALPHANUM</subfield><subfield code='i'>X030013101</subfield><subfield code='l'>STACKS-DEP</subfield><subfield code='m'>SPEC-COLL</subfield><subfield code='t'>MANUSCRIPT</subfield></datafield><datafield ind1=' ' ind2=' ' tag='999'><subfield code='a'>MSS 7286-c Box 2</subfield><subfield code='w'>ALPHANUM</subfield><subfield code='i'>X030013102</subfield><subfield code='l'>STACKS-DEP</subfield><subfield code='m'>SPEC-COLL</subfield><subfield code='t'>MANUSCRIPT</subfield></datafield><datafield ind1=' ' ind2=' ' tag='999'><subfield code='a'>MSS 7286-c Box 3</subfield><subfield code='w'>ALPHANUM</subfield><subfield code='i'>X030013103</subfield><subfield code='l'>STACKS-DEP</subfield><subfield code='m'>SPEC-COLL</subfield><subfield code='t'>MANUSCRIPT</subfield></datafield><datafield ind1=' ' ind2=' ' tag='999'><subfield code='a'>MSS 7286-c Box 4</subfield><subfield code='w'>ALPHANUM</subfield><subfield code='i'>X030013104</subfield><subfield code='l'>STACKS-DEP</subfield><subfield code='m'>SPEC-COLL</subfield><subfield code='t'>MANUSCRIPT</subfield></datafield><datafield ind1=' ' ind2=' ' tag='999'><subfield code='a'>MSS 7286-c Box 5</subfield><subfield code='w'>ALPHANUM</subfield><subfield code='i'>X030013105</subfield><subfield code='l'>STACKS-DEP</subfield><subfield code='m'>SPEC-COLL</subfield><subfield code='t'>MANUSCRIPT</subfield></datafield><datafield ind1=' ' ind2=' ' tag='999'><subfield code='a'>MSS 7286-c Box 6</subfield><subfield code='w'>ALPHANUM</subfield><subfield code='i'>X030013106</subfield><subfield code='l'>STACKS-DEP</subfield><subfield code='m'>SPEC-COLL</subfield><subfield code='t'>MANUSCRIPT</subfield></datafield><datafield ind1=' ' ind2=' ' tag='999'><subfield code='a'>MSS 7286-c Box 7</subfield><subfield code='w'>ALPHANUM</subfield><subfield code='i'>X030013107</subfield><subfield code='l'>STACKS-DEP</subfield><subfield code='m'>SPEC-COLL</subfield><subfield code='t'>MANUSCRIPT</subfield></datafield><datafield ind1=' ' ind2=' ' tag='999'><subfield code='a'>MSS 7286-c Box 8</subfield><subfield code='w'>ALPHANUM</subfield><subfield code='i'>X030013108</subfield><subfield code='l'>STACKS-DEP</subfield><subfield code='m'>SPEC-COLL</subfield><subfield code='t'>MANUSCRIPT</subfield></datafield><datafield ind1=' ' ind2=' ' tag='999'><subfield code='a'>MSS 7286-c Box 9</subfield><subfield code='w'>ALPHANUM</subfield><subfield code='i'>X030013109</subfield><subfield code='l'>STACKS-DEP</subfield><subfield code='m'>SPEC-COLL</subfield><subfield code='t'>MANUSCRIPT</subfield></datafield><datafield ind1=' ' ind2=' ' tag='999'><subfield code='a'>MSS 7286-c Box 10</subfield><subfield code='w'>ALPHANUM</subfield><subfield code='i'>X030013110</subfield><subfield code='l'>STACKS-DEP</subfield><subfield code='m'>SPEC-COLL</subfield><subfield code='t'>MANUSCRIPT</subfield></datafield></record>