<record xmlns='http://www.loc.gov/MARC21/slim'>
<leader>00946nkm a22002411  4500</leader>
<controlfield tag='001'>u3930163</controlfield>
<controlfield tag='003'>SIRSI</controlfield>
<controlfield tag='005'>20021126154908.0</controlfield>
<controlfield tag='008'>021126s1880    xx                ineng d</controlfield>
<datafield ind1=' ' ind2=' ' tag='035'>
    <subfield code='a'>(Sirsi) a3930163</subfield>
</datafield>
<datafield ind1=' ' ind2=' ' tag='035'>
    <subfield code='a'>mrc05336723</subfield>
</datafield>
<datafield ind1=' ' ind2=' ' tag='040'>
    <subfield code='a'>VA@</subfield>
    <subfield code='c'>VA@</subfield>
    <subfield code='e'>appm</subfield>
</datafield>
<datafield ind1='0' ind2='0' tag='245'>
    <subfield code='a'>Photograph of Main Street, Charlottesville, Va., 1870&apos;s or 1880&apos;s</subfield>
    <subfield code='h'>[picture]</subfield><subfield code='f'>ca 1880.</subfield>
</datafield>
<datafield ind1=' ' ind2=' ' tag='260'>
    <subfield code='c'>1880.</subfield>
</datafield>
<datafield ind1=' ' ind2=' ' tag='300'>
    <subfield code='a'>1</subfield><subfield code='f'>photograph.</subfield>
</datafield>
<datafield ind1=' ' ind2=' ' tag='524'>
    <subfield code='a'>Photograph of Main Street, Charlottesville, Va., 1870&apos;s or 1880&apos;s, Accession #741, Special Collections, University of Virginia Library, University of Virginia, Charlottesville, Va.</subfield>
</datafield>
<datafield ind1=' ' ind2=' ' tag='533'>
    <subfield code='a'>Copies.</subfield>
</datafield>
<datafield ind1='1' ind2=' ' tag='535'>
    <subfield code='a'>Originals returned to depositor.</subfield>
</datafield>
<datafield ind1=' ' ind2=' ' tag='596'>
    <subfield code='a'>10</subfield>
</datafield>
<datafield ind1=' ' ind2=' ' tag='946'>
    <subfield code='a'>SPECIAL COLLECTIONS: believed returned and made a gift at a later date under another accession number, March 26, 1975</subfield>
</datafield><datafield ind1=' ' ind2=' ' tag='999'>
    <subfield code='a'>MSS 741</subfield>
    <subfield code='w'>ALPHANUM</subfield>
    <subfield code='i'>3930163-1001</subfield>
    <subfield code='l'>STACKS</subfield>
    <subfield code='m'>SPEC-COLL</subfield>
    <subfield code='t'>MANUSCRIPT</subfield>
</datafield>
</record>
